 , One,UrbanP,LateB,WineC,LiquorC,CDR
28,1,52,43.8,6,46,40.1
39,1,85,56.1,23,74,97.5
13,1,36,36.9,10,48,53.1
42,1,37,32.4,2,41,29.7
41,1,84,50.0,16,63,90.5
14,1,47,38.9,10,69,55.4
19,1,33,31.2,6,27,37.6
12,1,65,32.1,12,33,34.3
9,1,70,45.6,12,56,77.2
3,1,48,40.6,3,38,39.4
18,1,55,35.7,18,47,56.7
25,1,45,35.6,4,26,52.3
37,1,87,51.6,23,77,92.1
2,1,43,33.8,4,41,31.7
